{
    "WaterFrequency": 1,
    "WaterAmplitude": 0.1739103897758152,
    "WaterMaxDepth": 10,
    "WaterStrength": 1,
    "WaterColourShallow": {
        "r": 0.5799063968658448,
        "g": 0.7515568785691741,
        "b": 0.9625,
        "a": 1
    },
    "WaterColourDeep": {
        "r": 0.09403136253356936,
        "g": 0.4348964668272817,
        "b": 0.7375,
        "a": 1
    },
    "WaterSpeed": 0.3,
    "WaterNormalBumpScale": 3.0434782608695654,
    "WaterShininess": 165.2173913043478
}