{"WaterMaxDepth":3.8260816491168477,"WaterShininess":100,"WaterNormalMapSpeed":1,"WaterNormalMapSize":7.260868238366168,"WaterColourShallow":{"r":0.30360942363739013,"g":0.4534093099902934,"b":0.6375,"a":1},"WaterColourDeep":{"r":0.11010940074920655,"g":0.23056518649536903,"b":0.3375,"a":1}}