{"WaterFrequency":1,"WaterAmplitude":0.1739103897758152,"WaterMaxDepth":10,"WaterColourShallow":{"r":0.5799063968658448,"g":0.7515568785691741,"b":0.9625,"a":1},"WaterColourDeep":{"r":0.09403136253356936,"g":0.4348964668272817,"b":0.7375,"a":1},"WaterMixDebug":0}