{"WaterFrequency":5.826084302819293,"WaterAmplitude":3.434779954993207}