{"TerrainDisplaceThreshold":0.8043478260869565,"TerrainDisplaceScale":1.43,"TerrainLutThreshold":1,"TerrainImageFlattedPosY":11,"IceImageCrop":{"x":0.04,"y":0.05,"z":0.78,"w":0.92},"Colour1":{"r":0.24895834922790525,"g":0.2171875238418579,"b":0.3125},"Colour2":{"r":0.14,"g":0.15275677655194256,"b":0.18}}