{"WaterMaxDepth":14.695646866508152,"WaterSpecular":0.4239123800526495,"WaterSpecularColour":{"r":0.8500000000000001,"g":0.6889020270270271,"b":0.5790625},"WaterShininess":100,"WaterNormalMapSpeed":0.23478234332540762,"WaterNormalMapSize":1.6086943253226902,"WaterColourShallow":{"r":0.39917204380035404,"g":0.6442313795063109,"b":0.7375,"a":1},"WaterColourDeep":{"r":0.019552644428453947,"g":0.19552644428453944,"b":0.35194759971217104,"a":1},"FogDensity":0.0019565084706182063,"FogColour":{"r":0.098,"g":0.55,"b":0.95},"TerrainDisplaceThreshold":0.8043478260869565,"TerrainDisplaceScale":0.43478260869565216,"TerrainLutThreshold":1}