{"WaterMaxDepth":14.695646866508152,"WaterSpecular":0.4239123800526495,"WaterShininess":100,"WaterNormalMapSpeed":0.23478234332540762,"WaterNormalMapSize":1.6086943253226902,"WaterColourShallow":{"r":0.2590469312667847,"g":0.605602363774555,"b":0.7375,"a":1},"WaterColourDeep":{"r":0.029109396934509257,"g":0.2162681237839253,"b":0.2875,"a":1},"FogDensity":0.0019565084706182063,"FogColour":{"r":0.581015625,"g":0.7563956083478155,"b":0.8375000000000001}}