{"WaterMaxDepth":5.652173913043478,"WaterSpecular":0.9782608695652174,"WaterShininess":100,"WaterNormalMapSpeed":0.21739130434782608,"WaterNormalMapSize":3.2608695652173916,"WaterColourShallow":{"r":0.30360942363739013,"g":0.4534093099902934,"b":0.6375,"a":1},"WaterColourDeep":{"r":0.11010940074920655,"g":0.23056518649536903,"b":0.3375,"a":1},"FogDensity":0.0032608695652173916,"FogColour":{"r":0.581015625,"g":0.7563956083478155,"b":0.8375000000000001}}